{
  "钱三强": 0.5001451994912849,
  "中子": 0.26518289065956147,
  "乳胶": 0.25457256140721635,
  "径迹": 0.19055723894809176,
  "高能": 0.17713475815316337,
  "原子能": 0.1715889292503045,
  "裂变": 0.14587568318495808,
  "清华": 0.13154860715786398,
  "原子核": 0.1296939356985159,
  "加速器": 0.1206322169274868,
  "宇宙线": 0.10718844690830162,
  "核物理": 0.1065343043237809,
  "居里": 0.10503322335927731,
  "物理系": 0.09683279065500937,
  "苏州": 0.09638214781863301,
  "测量": 0.09048858882103206,
  "分裂": 0.08963492288875816,
  "山西": 0.08726491761957314,
  "北平": 0.08527449817287859,
  "粒子": 0.08461117630049361,
  "高能物理": 0.08336879203979014,
  "北京": 0.0730760090960883,
  "探测器": 0.07293784159247904,
  "我国": 0.07256160424328043,
  "中国科学院": 0.07238956194597787,
  "气球": 0.07179485726167843,
  "领导": 0.07152120039191621,
  "研制": 0.07050931358374468,
  "里奥": 0.0696755046046691,
  "电子": 0.06743960864963709,
  "401": 0.0669927793176885,
  "回旋 加速器": 0.0669927793176885,
  "王淦昌": 0.06401532245912457,
  "清华大学": 0.062395974272838,
  "射线": 0.06219234816688367,
  "近代": 0.0603161084637434,
  "反应堆": 0.06021504157431094,
  "北平 研究院": 0.05954913717127868,
  "吴有训": 0.05954913717127868,
  "云室": 0.05861076556538494,
  "回旋": 0.05861076556538494,
  "正电子": 0.05861076556538494,
  "物理 研究所": 0.0571963097501015,
  "波特": 0.056005842651367835,
  "回国": 0.05441830464602321,
  "南京": 0.0540765110364596,
  "截面": 0.05340091973735073,
  "研究院": 0.05292728780098101,
  "纪念": 0.05292728780098101,
  "近代 物理": 0.052105495024868845,
  "质子": 0.0497932074556802,
  "碎片": 0.04951262407188547,
  "女校": 0.049493535366325066,
  "物理学": 0.048658958139611574,
  "里奥 居里": 0.048191073909316505,
  "颗粒": 0.048191073909316505,
  "照相": 0.0467969807046285,
  "谱仪": 0.046150581307740975,
  "原子": 0.04609796034278991,
  "探测": 0.045586150995299404,
  "能量": 0.04439062847824214,
  "天体 物理": 0.043173124449177036,
  "所长": 0.04268329661369437,
  "出版社": 0.042305588150246806,
  "实习": 0.042305588150246806,
  "观测": 0.042305588150246806,
  "院士": 0.04182963068142048,
  "留学": 0.04136546396913021,
  "日本": 0.04120243066056043,
  "物理所": 0.04052935490578621,
  "元素": 0.03948521560689702,
  "晶体": 0.03948521560689702,
  "放射性": 0.039268632884598816,
  "彗星": 0.03907384371025663,
  "中关村": 0.03870693916133114,
  "研究室": 0.0384775174682501,
  "居里 夫妇": 0.03821339176831271,
  "国内": 0.03756130102005104,
  "开展": 0.0373154089001302,
  "巴黎": 0.03653800454804415,
  "周培源": 0.035897428630839216,
  "上海": 0.03572471888243064,
  "柏林": 0.03572471888243064,
  "物理 研究": 0.03516645933923097,
  "核反应": 0.03473944706210247,
  "组长": 0.0343177858500609,
  "文选": 0.03424075387348524,
  "特纳": 0.03424075387348524,
  "1946": 0.03414663729095549,
  "原子核 物理": 0.033863997882222406,
  "文集": 0.03358146549336572,
  "研究员": 0.0332778529455136,
  "mev": 0.03275202544420327,
  "王大珩": 0.03275202544420327,
  "散射": 0.03256153642521386,
  "科研": 0.032439305426407716,
  "天体": 0.03196422215796425,
  "同志": 0.03158563949413383,
  "碰撞": 0.03126550235589222,
  "清华大学 物理系": 0.0312632970149213
}