{
  "玛丽": 0.6105993698076209,
  "居里": 0.42424015975485285,
  "居里夫人": 0.23270202822196878,
  "波兰": 0.1632821697868638,
  "华沙": 0.1357280689311881,
  "夫斯基": 0.11785734059014755,
  "巴黎": 0.11178461862548722,
  "夫斯": 0.10583108134625493,
  "夫人": 0.1004805560678537,
  "学者": 0.09734053869073327,
  "看见": 0.07723622737462908,
  "玛丽 居里": 0.07670621949925,
  "青年": 0.07661642400173845,
  "写给": 0.07202901099319817,
  "居里 夫妇": 0.07202901099319817,
  "放射性": 0.07171935399072701,
  "索尔": 0.07109356929198779,
  "信上": 0.06454547738351524,
  "约瑟夫": 0.06080371057867378,
  "可是": 0.057148316263591785,
  "衣服": 0.055264305837319526,
  "和玛丽": 0.054712089801719224,
  "物理学": 0.0530999063200575,
  "差不多": 0.05275229193562319,
  "青年 女子": 0.05171291474873821,
  "屋子": 0.0494513119361693,
  "有时候": 0.04784547300731358,
  "射线": 0.04647225718138233,
  "亲爱": 0.042066159552253346,
  "大夫": 0.04176985738733725,
  "立刻": 0.04137655037926558,
  "小姐": 0.04101040543484021,
  "屋子里": 0.03998191177817944,
  "妇女": 0.039307722860302305,
  "一切": 0.03893621547629331,
  "里面": 0.03893621547629331,
  "梭镇": 0.03848402958045634,
  "极了": 0.03797259762485205,
  "研究院": 0.037928504514326784,
  "放射": 0.03741766804841463,
  "工夫": 0.03728140365606708,
  "梦想": 0.03723889534133902,
  "奖章": 0.03696349906774955,
  "亲切": 0.036549286168351264,
  "痛苦": 0.036424201574596964,
  "卢布": 0.03607877773167782,
  "沙皇": 0.03607877773167782,
  "早晨": 0.03585967699536351,
  "突然": 0.03579619809917288,
  "1921": 0.035546784645993895,
  "预备": 0.035546784645993895,
  "日子": 0.035168194623748796,
  "请求": 0.03454019114832471,
  "愉快": 0.034480458649387986,
  "沥青": 0.033668978339519526,
  "住房": 0.033415885909869804,
  "看着": 0.03265618072205245,
  "沥青 铀矿": 0.03247089995851004,
  "周围": 0.03202817724662836,
  "不肯": 0.03189698200487572,
  "照料": 0.03189698200487572,
  "1904": 0.03180501784115244,
  "居里 先生": 0.031564667193299555,
  "美丽": 0.03140017377120428,
  "亨利": 0.031137530052378678,
  "天才": 0.030772170295780193,
  "头发": 0.030342803611461428,
  "院士": 0.030342803611461428,
  "热烈": 0.030144166820356106,
  "理化": 0.029934134438731705,
  "小孩": 0.029618626147384596,
  "铀矿": 0.02899869273752134,
  "写信给": 0.028963585265485908,
  "好看": 0.028863022185342257,
  "从前": 0.02827397609249815,
  "名誉": 0.028099722242390514,
  "疲倦": 0.027722624300812168,
  "密尔": 0.027660396260952996,
  "甚至于": 0.027660396260952996,
  "相片": 0.027660396260952996,
  "汽车": 0.027632152918659763,
  "荣誉": 0.027584366919510387,
  "波兰人": 0.027356044900859612,
  "留在": 0.02700414944323568,
  "灰色": 0.02688254477654513,
  "象是": 0.026457770336563734,
  "女孩": 0.026376145967811595,
  "脸色": 0.02630388932774963,
  "穿着": 0.02620514857353487,
  "俄国": 0.026192367633890244,
  "放射学": 0.026192367633890244,
  "可怕": 0.025748142492387507,
  "可怜": 0.02551553940054711,
  "面前": 0.025120139016963423,
  "忧虑": 0.02482593022755935,
  "设法": 0.02482593022755935,
  "里奥": 0.024362306203744025,
  "热心": 0.02430246247990531,
  "雅克": 0.02419957818152966,
  "羞怯": 0.024052518487785217
}