{
  "基因": 0.6950955632799841,
  "dna": 0.3610063517718368,
  "rna": 0.21475648685460408,
  "细胞": 0.20824692019484933,
  "基因组": 0.19144837917228366,
  "突变": 0.18931140547372685,
  "病毒": 0.17185831246628255,
  "细菌": 0.12191881178259402,
  "序列": 0.10735706276107654,
  "蛋白质": 0.09383966156928396,
  "遗传病": 0.07836026682400447,
  "碱基": 0.07633524414263179,
  "患者": 0.0668446904329146,
  "小鼠": 0.0650034031608219,
  "切割": 0.06412612827526049,
  "改造": 0.06128096602744809,
  "疾病": 0.06058989118978227,
  "rna 分子": 0.059032588803635246,
  "dna 序列": 0.05699698229316506,
  "遗传": 0.05633796900102562,
  "向导": 0.055979179037929976,
  "比如": 0.05527498845383646,
  "免疫": 0.05431791223027583,
  "核酸酶": 0.0539435725274598,
  "修复": 0.05383428052737918,
  "染色体": 0.05342745465273033,
  "动物": 0.05314902735945813,
  "物种": 0.05089016276175452,
  "重组": 0.0506675581434157,
  "cas": 0.046818949740814166,
  "体内": 0.04627709337663319,
  "临床": 0.04354243277949787,
  "癌症": 0.043188490343153904,
  "叫作": 0.04195907158751613,
  "免疫系统": 0.038676523698933436,
  "马丁": 0.03641730741558003,
  "识别": 0.035618303101820216,
  "驱动": 0.035618303101820216,
  "事实上": 0.03560984833083695,
  "布莱克": 0.03460531067799307,
  "人类 基因组": 0.033587507422757984,
  "感染": 0.03348388723645862,
  "基因治疗": 0.032569704167522896,
  "监管": 0.030534097657052717,
  "片段": 0.03027555763654718,
  "伦理": 0.028500501455671328,
  "精确": 0.02743052765038153,
  "风险": 0.027017009171661645,
  "塞缪尔": 0.026462884636112353,
  "遗传物质": 0.026462884636112353,
  "合成": 0.026352233728360566,
  "特征": 0.026263271154620616,
  "临床试验": 0.025823269748819655,
  "演化": 0.02533377907170785,
  "缺陷": 0.02451238641097924,
  "载体": 0.024042354593728645,
  "针对": 0.023928758163098782,
  "潜力": 0.02346213954381143,
  "研究者": 0.02346213954381143,
  "策略": 0.02346213954381143,
  "人类 细胞": 0.023409474870407083,
  "质粒": 0.023409474870407083,
  "工具": 0.023345129915218324,
  "切开": 0.02295873728373524,
  "公众": 0.022761501667337862,
  "干细胞": 0.02239167161517199,
  "遗传信息": 0.02239167161517199,
  "器官": 0.022261439438637634,
  "特定": 0.022177873419457407,
  "未来": 0.021791101217377835,
  "编码": 0.0213738683599369,
  "2015": 0.0213292177671013,
  "团队": 0.0213292177671013,
  "相关": 0.021259610943783255,
  "意味着": 0.02101061692369649,
  "摧毁": 0.020618243841531256,
  "遗传学": 0.020618243841531256,
  "肌肉": 0.020583695495762628,
  "临床 应用": 0.020356065104701813,
  "博格": 0.020356065104701813,
  "双螺旋": 0.020356065104701813,
  "伯克利": 0.019792014899771757,
  "改写": 0.019792014899771757,
  "治愈": 0.019792014899771757,
  "议题": 0.019792014899771757,
  "蛋白": 0.01959006670600112,
  "测序": 0.019338261849466718,
  "生物体": 0.019338261849466718,
  "生物 技术": 0.018699609128455613,
  "后果": 0.01867610393217466,
  "人体": 0.018639384832255034,
  "药物": 0.018602159575810344,
  "体外": 0.01832045859423163,
  "作物": 0.01832045859423163,
  "宿主": 0.01832045859423163,
  "类型": 0.018092475684294198,
  "化脓": 0.017302655338996536,
  "双链": 0.017302655338996536,
  "外源": 0.017302655338996536,
  "投递": 0.017302655338996536
}