{
  "丽丝·迈特纳": {
    "丽丝·迈特纳": 1.0000000000000002,
    "何泽慧": 0.14559187976690172,
    "卡塔林·考里科": 0.030283858436952044,
    "吴健雄": 0.028851417394686628,
    "埃达·洛夫莱斯": 0.16047279849833768,
    "居里夫人": 0.06599965655179807,
    "屠呦呦": 0.02265950697226865,
    "杜德娜": 0.012685425231571413,
    "林巧稚": 0.009490749422298439,
    "谢希德": 0.019786028811621774
  },
  "何泽慧": {
    "丽丝·迈特纳": 0.14559187976690172,
    "何泽慧": 0.999999999999999,
    "卡塔林·考里科": 0.03543919757538193,
    "吴健雄": 0.07454176115257138,
    "埃达·洛夫莱斯": 0.03011630343527943,
    "居里夫人": 0.13025729481425263,
    "屠呦呦": 0.0819606087452084,
    "杜德娜": 0.015746006456008748,
    "林巧稚": 0.032294202849841115,
    "谢希德": 0.0736901081257319
  },
  "卡塔林·考里科": {
    "丽丝·迈特纳": 0.030283858436952044,
    "何泽慧": 0.03543919757538193,
    "卡塔林·考里科": 1.0000000000000009,
    "吴健雄": 0.021493858524538518,
    "埃达·洛夫莱斯": 0.028626819849280085,
    "居里夫人": 0.07346771943149262,
    "屠呦呦": 0.04969286960675448,
    "杜德娜": 0.2719476527145166,
    "林巧稚": 0.02877768999502076,
    "谢希德": 0.026356101276254557
  },
  "吴健雄": {
    "丽丝·迈特纳": 0.028851417394686628,
    "何泽慧": 0.07454176115257138,
    "卡塔林·考里科": 0.021493858524538518,
    "吴健雄": 1.0000000000000002,
    "埃达·洛夫莱斯": 0.01196872753530291,
    "居里夫人": 0.04059760204610795,
    "屠呦呦": 0.024466876446695512,
    "杜德娜": 0.01031116659406172,
    "林巧稚": 0.016581223652517758,
    "谢希德": 0.05522855978123031
  },
  "埃达·洛夫莱斯": {
    "丽丝·迈特纳": 0.16047279849833768,
    "何泽慧": 0.03011630343527943,
    "卡塔林·考里科": 0.028626819849280085,
    "吴健雄": 0.01196872753530291,
    "埃达·洛夫莱斯": 0.9999999999999994,
    "居里夫人": 0.06468600058950007,
    "屠呦呦": 0.023373679834900622,
    "杜德娜": 0.015802777089512908,
    "林巧稚": 0.004962289837925398,
    "谢希德": 0.01006911863258151
  },
  "居里夫人": {
    "丽丝·迈特纳": 0.06599965655179807,
    "何泽慧": 0.13025729481425263,
    "卡塔林·考里科": 0.07346771943149262,
    "吴健雄": 0.04059760204610795,
    "埃达·洛夫莱斯": 0.06468600058950007,
    "居里夫人": 0.9999999999999991,
    "屠呦呦": 0.03075576505222779,
    "杜德娜": 0.018825109768366904,
    "林巧稚": 0.04408282478944631,
    "谢希德": 0.03736228281834114
  },
  "屠呦呦": {
    "丽丝·迈特纳": 0.02265950697226865,
    "何泽慧": 0.0819606087452084,
    "卡塔林·考里科": 0.04969286960675448,
    "吴健雄": 0.024466876446695512,
    "埃达·洛夫莱斯": 0.023373679834900622,
    "居里夫人": 0.03075576505222779,
    "屠呦呦": 1.0000000000000007,
    "杜德娜": 0.04853371990537742,
    "林巧稚": 0.03108790602084065,
    "谢希德": 0.04489765443603733
  },
  "杜德娜": {
    "丽丝·迈特纳": 0.012685425231571413,
    "何泽慧": 0.015746006456008748,
    "卡塔林·考里科": 0.2719476527145166,
    "吴健雄": 0.01031116659406172,
    "埃达·洛夫莱斯": 0.015802777089512908,
    "居里夫人": 0.018825109768366904,
    "屠呦呦": 0.04853371990537742,
    "杜德娜": 1.0000000000000002,
    "林巧稚": 0.010681179706846471,
    "谢希德": 0.0111511150579376
  },
  "林巧稚": {
    "丽丝·迈特纳": 0.009490749422298439,
    "何泽慧": 0.032294202849841115,
    "卡塔林·考里科": 0.02877768999502076,
    "吴健雄": 0.016581223652517758,
    "埃达·洛夫莱斯": 0.004962289837925398,
    "居里夫人": 0.04408282478944631,
    "屠呦呦": 0.03108790602084065,
    "杜德娜": 0.010681179706846471,
    "林巧稚": 1.0000000000000007,
    "谢希德": 0.027810324952928126
  },
  "谢希德": {
    "丽丝·迈特纳": 0.019786028811621774,
    "何泽慧": 0.0736901081257319,
    "卡塔林·考里科": 0.026356101276254557,
    "吴健雄": 0.05522855978123031,
    "埃达·洛夫莱斯": 0.01006911863258151,
    "居里夫人": 0.03736228281834114,
    "屠呦呦": 0.04489765443603733,
    "杜德娜": 0.0111511150579376,
    "林巧稚": 0.027810324952928126,
    "谢希德": 1.0
  }
}